category,id
funny,epic-win
animals,dog
animals,cute-animals
animals,cat
funny,wtf
animals,wild-animals
news,meaningful-videos
funny,youtube-comedy
funny,fail
tv,commercials
funny,pranks
funny,best-vines
news,feel-good-videos
tv,best-of-tv
sports,extreme-sports
animals,funny-animals
games,funny-gaming-videos
news,news-bloopers
funny,scariest-pranks
tv,jimmy-fallon
tv,jimmy-kimmel
tv,interview-gold
animals,birds
cinema,funny-movie-scenes
news,best-robot-innovations-videos
music,brand-new-music
funny,stand-up-gold
sports,football
tv,conan-o-brien
tv,ellen-degeneres
sports,basketball
tv,crazy-japanese-game-shows
cinema,trailers
music,best-covers
funny,funny-post-anesthesia-videos
cinema,best-scenes
funny,crazy-commercials
cinema,batman
sports,skateboarding
animals,the-smartest-cats
tv,family-feud
sports,baseball
sports,foul-ball-catches
animals,asshole-animals
news,the-slo-mo-guys
cinema,jennifer-lawrence
tv,celebrities-read-mean-tweets
tv,family-guy
funny,louis-ck
funny,hilarious-mascot-moments
funny,the-best-videobombs
music,epic-fails-on-stage
funny,people-who-arent-afraid-of-heights
sports,worst-football-goal-misses
sports,ice-hockey
animals,red-panda
tv,david-letterman
cinema,8-bit-parodies
funny,the-epic-split
tv,simpsons-opening-sequences
funny,craziest-reactions-to-amusement-park-rides
funny,craziest-moments-of-remi-gaillard
animals,animals-playing-on-phones
tv,south-park
tv,ron-swanson-best-moments
tv,unforgettable-condoms-commercials
animals,animals-faking-their-death
tv,gordon-ramsay
tv,how-i-met-your-mother
tv,the-simpsons
tv,stephen-colbert
tv,modern-family
tv,old-spice-commercials
tv,emma-watson
tv,american-dad
sports,worst-poker-bad-beats
sports,ultimate-fighting-championship
sports,novak-djokovic
sports,greatest-goal-celebrations
sports,american-football
games,pewdiepie
funny,street-toller
funny,smosh
funny,monty-python-funniest-sketches
funny,epic-rap-battles-of-history
funny,catwalk-fails
cinema,worst-scenes-ever
cinema,downey
animals,best-ways-of-fishing
